[
    {
        "leaveId":1,
        "fromDate":"2020-04-24",
        "toDate":"2020-04-28",
        "appliedDate":"2020-04-01",
        "empId":2,
        "managerId":1,
        "reason":"FamilyTrip",
        "status":"pending",
        
    },
    {
        "leaveId":2,
        "fromDate":"2020-04-24",
        "toDate":"2020-04-28",
        "appliedDate":"2020-04-01",
        "empId":4,
        "managerId":1,
        "reason":"Marriage",
        "status":"pending"
    },
    {
        "leaveId":3,
        "fromDate":"2020-04-24",
        "toDate":"2020-04-28",
        "appliedDate":"2020-04-01",
        "empId":5,
        "managerId":1,
        "reason":"BirthdayParty",
        "status":"pending"
    }
]