[
    {
        "userName":"adarsha",
        "loginType":"admin",
        "password":"adarsha",
        "empId":3
        
    },
    {
        "userName":"Sahil",
        "loginType":"manager",
        "password":"Sahil",
        "empId":1
    },
    {
        "userName":"chandu",
        "loginType":"employee",
        "password":"chandu",
        "empId":2
    },
    {
        "userName":"amit",
        "loginType":"employee",
        "password":"amit",
        "empId":4
    }, 
    {
        "userName":"dheeraj",
        "loginType":"employee",
        "password":"dheeraj",
        "empId":5
    }   

]